1,AK-101,Weapon,Assault Rifle,300px-AK101_Image.png
2,AK-102,Weapon,Assault Rifle,300px-Ak102image.png
3,AK-103,Weapon,Assault Rifle,300px-AK-103_7.62x39.png
4,AK-104,Weapon,Assault Rifle,300px-AK-104Image.png
5,AK-105,Weapon,Assault Rifle,300px-AK-105_5.45x39.png
6,AK-74M,Weapon,Assault Rifle,300px-AK-74M.png
7,AK-74N,Weapon,Assault Rifle,300px-Akn.png
8,AKM,Weapon,Assault Rifle,300px-Akm.png
9,AKMN,Weapon,Assault Rifle,300px-Akmn.png
10,AKMS,Weapon,Assault Rifle,300px-Akms.png
11,AKMSN,Weapon,Assault Rifle,300px-Akmsn.png
12,AKS-74N,Weapon,Assault Rifle,300px-AKS-74N.png
13,AKS-74U,Weapon,Assault Rifle,300px-Aks74u.png
14,AKS-74UB,Weapon,Assault Rifle,300px-Aks74ub.png
15,AKS-74UN,Weapon,Assault Rifle,300px-Aks74un.png
16,M4A1,Weapon,Assault Rifle,300px-M4a1.png
17,SA-58 OSW,Weapon,Assault Rifle,300px-DS_Arms_SA-58_OSW_Para_7.62x51.png
18,Vepr AKM/VPO-209,Weapon,Assault Rifle,300px-Vpo209.png
19,Vepr KM/VPO-136,Weapon,Assault Rifle,300px-Vpo136.png
20,AS VAL,Weapon,Assault Carbine,300px-Asval.png
21,OP-SKS,Weapon,Assault Carbine,300px-Opsks.png
22,SKS,Weapon,Assault Carbine,300px-Sks.png
23,MP5,Weapon,Submachine Gun,300px-Mp5.png
24,MPX,Weapon,Submachine Gun,300px-Mpx.png
25,PP-19-01 Vityaz-SN,Weapon,Submachine Gun,300px-Pp19.png
26,PP-9 "Klin",Weapon,Submachine Gun,300px-Klin.png
27,PP-91 "Kedr",Weapon,Submachine Gun,300px-Kedr.png
28,PP-91-01 "Kedr-B",Weapon,Submachine Gun,300px-Kedrb.png
29,Saiga-9,Weapon,Submachine Gun,300px-Saiga9.png
30,M870,Weapon,Shotgun,300px-M870.png
31,MP-153,Weapon,Shotgun,300px-Mp153.png
32,MR-133,Weapon,Shotgun,MR133.png
33,Saiga-12,Weapon,Shotgun,Saiga12.png
34,TOZ-106,Weapon,Shotgun,TOZ-106.png
35,M1A,Weapon,Designated Marksman Rifle,300px-M1A_Icon.png
36,RSASS,Weapon,Designated Marksman Rifle,RSASS.png
37,VSS Vintorez,Weapon,Designated Marksman Rifle,300px-Vss.png
38,DVL-10,Weapon,Sniper Rifle,300px-Dvl10.png
39,SV-98,Weapon,Sniper Rifle,300px-Sv98.png
40,APB,Weapon,Pistol,400px-APBImage.png
41,APS,Weapon,Pistol,200px-Stechkin_Automatic_Pistol_9x18PM.png
42,GLOCK17,Weapon,Pistol,200px-Glock17.png
43,GLOCK18C,Weapon,Pistol,200px-Glock18CImage.png
44,MP-443 "Grach",Weapon,Pistol,200px-Grach.png
45,P226R,Weapon,Pistol,200px-P226.png
46,PB pistol,Weapon,Pistol,200px-Pb.png
47,PM (t) pistol,Weapon,Pistol,200px-Makarovt.png
48,PM pistol,Weapon,Pistol,Makarov.png
49,SR-1MP Gyurza,Weapon,Pistol,200px-Sr1mp.png
50,TT pistol,Weapon,Pistol,200px-Tt.png
51,TT pistol (gold),Weapon,Pistol,200px-TT_Pistol_7.62x25_TT_gold_2.png
52,Bars A-2607- 95x18,Weapon,Melee,200px-Bars_A-2607-_95x18.png
53,Bars A-2607- Damascus,Weapon,Melee,200px-Bars_A-2607-_Damascus.png
54,Gerber Downrange Tomahawk,Weapon,Melee,200px-Gerber_Downrange_Tomahawk.png
55,ER Fulcrum Bayonet,Weapon,Melee,200px-ER_Fulcrum_Bayonet.png
56,F-1,Weapon,Fragmentation Grenade,112px-F1.png
57,M67,Weapon,Fragmentation Grenade,166px-M67.png
58,RGD-5,Weapon,Fragmentation Grenade,130px-Rgd5.png
59,RDG-2B,Weapon,Smoke Grenade,105px-RDG-2B_Smoke_grenade.png
60,Zarya,Weapon,Stun Grenade,148px-Zarya_stun_grenade.png
61,Wilcox Skull Lock head mount,Headwear,Mount,Slockicon.png
62,Jack-o'-lantern tactical pumpkin helmet,Headwear,Armor,127px-Inventory.png
63,Kolpak-1S riot helmet,Headwear,Armor,Kolpak-1S_Icon.png
64,DEVTAC Ronin ballistic helmet,Headwear,Armor,DEVTAC_Ronin_ballistic_helmet_Icon.png
65,6B47 Helmet,Headwear,Armor,6B47_Icon.png
66,UNTAR helmet,Headwear,Armor,UNTARHelmetIcon.png
67,LZSh light helmet,Headwear,Armor,LZSh_light_helmet_icon.png
68,Kiver-M Helmet,Headwear,Armor,Kiver-M_Helmet_icon.png
69,SSSh-95 Sfera-S (Sphere-S),Headwear,Armor,SFERAHelmetIcon.png
70,Highcom Striker ACHHC IIIA helmet,Headwear,Armor,ACHHC_Icon.png
71,Ops-Core Fast MT SUPER HIGH CUT Helmet,Headwear,Armor,FASTMT_Icon.png
72,ZSh-1-2M helmet,Headwear,Armor,ZSH-1-2M_Icon.png
73,Highcom Striker ULACH IIIA helmet,Headwear,Armor,ULACH_Icon.png
74,Altyn helmet,Headwear,Armor,AltynHelmetIcon.png
75,Kinda cowboy hat,Headwear,Vanity,Cow_boy_hat_icon.png
76,Ushanka ear-flap cap,Headwear,Vanity,Ushanka_icon.png
77,Miltec panama hat,Headwear,Vanity,Panama_Icon.png
78,Beanie,Headwear,Vanity,Knitcap_icon.png
79,Army cap,Headwear,Vanity,Army_cap_icon.png
80,Baseball cap,Headwear,Vanity,Baseball_cap_icon.png
81,Ded Moroz hat,Headwear,Vanity,Rushatxmasicon.png
82,Santa's hat,Headwear,Vanity,Euhaticon.png
83,Police cap,Headwear,Vanity,Policeicon.png
84,Tactical fleece hat,Headwear,Vanity,Fleecicon.png
85,UX PRO Beanie,Headwear,Vanity,Uxproicon.png
86,USEC baseball cap,Headwear,Vanity,USECCapIcon.png
87,BEAR baseball cap,Headwear,Vanity,BEARCapIcon.png
88,USEC baseball cap black,Headwear,Vanity,Black_USEC_Cap_Icon.png
89,BEAR baseball cap black,Headwear,Vanity,Black_BEAR_Cap_Icon.png
90,EmerCom cap,Headwear,Vanity,Emercomicon.png
91,Pompon hat,Headwear,Vanity,Pompon_hat_icon.png
92,Bandana,Headwear,Vanity,Bandana_icon.png
93,Light armored Shattered mask,Face_Cover,Armor,Shattered_icon.png
94,GP-5 gasmask,Face_Cover,Vanity,GP-5_Icon.png
95,Deadly skull mask,Face_Cover,Vanity,Deady_Skull_Mask_Icon.png
96,Respirator,Face_Cover,Vanity,Respirator_icon.png
97,Balaclava,Face_Cover,Vanity,Balaclava_icon.png
98,Lower half-mask,Face_Cover,Vanity,Lower_half-mask_icon.png
99,Ski hat with holes for eyes,Face_Cover,Vanity,ShmaskaIcon.png
100,Cold Fear Infrared balaclava,Face_Cover,Vanity,Cold_fear_infrared_balaclava_icon.png
101,Ghost balaclava,Face_Cover,Vanity,GHOSTBalaclavaIcon.png
102,Momex balaclava,Face_Cover,Vanity,Momex_balaclava_icon.png
103,Shemagh,Face_Cover,Vanity,Shemagicon.png
104,Shemagh (var. 2),Face_Cover,Vanity,Shemagh_V2_Icon.png
105,Neoprene mask,Face_Cover,Vanity,Neoprene_Mask_Icon.png
106,Tactical glasses,Eyewear,Eyewear,Tactical_Eyewear_icon.png
107,Anti-fragmentation glasses,Eyewear,Eyewear,Anti-fragmentation_goggles_icon.png
108,6B34 Anti-fragmentation glasses,Eyewear,Eyewear,6b34_glasses_icon.png
109,Round frame sunglasses,Eyewear,Eyewear,Round_frame_sunglasses_icon.png
110,Dundukk sport sunglasses,Eyewear,Eyewear,Dundukk_sport_sunglasses_icon.png
111,RayBench Hipster Reserve sunglasses,Eyewear,Eyewear,RayBench_Hipster_Reserve_Sunglasses_icon.png
112,Peltor ComTac 2 headset,Earpieces,Earpieces,Comtac_icon.png
113,MSA Sordin Supreme PRO-X/L active headphones,Earpieces,Earpieces,SordinIcon.png
114,GSSh-01 active headset,Earpieces,Earpieces,Gssh.png
115,ANA Tactical M2 armored rig,Chest_Rig,Armored,250px-M2Inventory.png
116,5.11 Tactec plate carrier,Chest_Rig,Armored,250px-TactecIcon.png
117,Wartech MK3 chest rig (TV-104),Chest_Rig,Unarmored,250px-Mk3.png
118,ANA Tactical Alpha chest rig,Chest_Rig,Unarmored,250px-Alpha_Rig_icon.png
119,Blackhawk! Commando Chest Harness,Chest_Rig,Unarmored,250px-CommandoRigIcon.png
120,UMTBS 6sh112 Scout-Sniper,Chest_Rig,Unarmored,250px-Scout_Sniper_rig_icon.png
121,Wartech gear rig (TV-109 TV-106),Chest_Rig,Unarmored,Wartech_gear_rig_icon.png
122,Crye Precision AVS chest rig,Chest_Rig,Unarmored,AVS_icon.png
123,BlackRock chest rig,Chest_Rig,Unarmored,Blackrock_Icon.png
124,Scav Vest,Chest_Rig,Unarmored,Scav_Vest_icon.png
125,Module-3M bodyarmor,Body_Armor,Body_Armor,3M_icon.png
126,PACA Soft Armor,Body_Armor,Body_Armor,PACA_icon.png
127,MF-UNTAR armor vest,Body_Armor,Body_Armor,UNTARArmorIcon.png
128,BNTI Kirasa-N armor,Body_Armor,Body_Armor,BNTIKirasaNarmorIcon.png
129,BNTI Gzhel-K armor,Body_Armor,Body_Armor,GZHELKArmorIcon.png
130,IOTV Gen4 armor (high mobility kit),Body_Armor,Body_Armor,Gen4hmk.png
131,IOTV Gen4 armor (assault kit),Body_Armor,Body_Armor,250px-Gen4assault.png
132,IOTV Gen4 armor (full protection),Body_Armor,Body_Armor,250px-IOTVfullIcon.png
133,6B43 6A Armor,Body_Armor,Body_Armor,250px-FORT_armor_icon.png
134,SSO "Attack 2" raid backpack,Backpack,Backpack,250px-AttackInventory.png
135,Pilgrim Tourist Backpack,Backpack,Backpack,250px-Pilgrim_Backpack_icon.png
136,Camelbak Tri-Zip Backpack,Backpack,Backpack,250px-Tri-Zip_Backpack.png
137,Ana tactical Beta 2 battle backpack,Backpack,Backpack,250px-Beta2_outside.png
138,Scav Backpack,Backpack,Backpack,250px-ScavBP_Icon.png
139,Flyye MBSS Backpack,Backpack,Backpack,250px-Flyye_MBSS_Backpack.png
140,Duffle bag,Backpack,Backpack,250px-Duffel_icon.png
141,Transformer Bag,Backpack,Backpack,T-Bag_icon.png
142,VKBO army bag,Backpack,Backpack,Armybagicon.png
143,Tactical sling bag,Backpack,Backpack,SlingBackPackIcon.png
144,Secure container Gamma,Pouches,Secure,Secure_Gamma_Container.png
145,Secure container Epsilon,Pouches,Secure,250px-Epsilon_icon.png
146,Secure container Beta,Pouches,Secure,Beta_icon.png
147,Secure container Alpha,Pouches,Secure,Secure_container_Alpha_Icon.png
148,Waist pouch,Pouches,Secure,Waisticon.png
149,Armband (white),Armband,Armband,Armband_%28white%29_icon.png
150,Armband (red),Armband,Armband,Armband_%28red%29_icon.png
151,Armband (blue),Armband,Armband,Arband_%28blue%29_icon.png
152,Armband (green),Armband,Armband,Armband_%28green%29_icon.png
153,Armband (yellow),Armband,Armband,Armband_%28yellow%29_icon.png
154,Harris HBR Bipod,Weapon_Mod,Bipod,Harris_HBR_Bipod_icon.png
155,Izhmash SV-98 bipod,Weapon_Mod,Bipod,SV-98_Bipod_icon.png
156,Armytek Predator Pro v3 XHP35 HI Flashlight,Weapon_Mod,Flashlight,Predator_icon.png
157,Ultrafire WF-501B Flashlight,Weapon_Mod,Flashlight,WF501BIcon.png
158,SE-5 Express Grip,Weapon_Mod,Foregrip,SE-5_Express_Grip_Icon.png
159,Magpul AFG grip,Weapon_Mod,Foregrip,AFG_Grip_Icon.png
160,Tango Down Stubby BGV-MK46K tactical grip,Weapon_Mod,Foregrip,BGV_MK46_Icon.png
161,Viking Tactical UVG Tactical grip,Weapon_Mod,Foregrip,Vikinggripicon.png
162,Magpul M-LOK AFG Tactical grip,Weapon_Mod,Foregrip,AFG_MLOK_Icon.png
163,Fortis Shift tactical grip,Weapon_Mod,Foregrip,Fortisshifticon.png
164,Magpul RVG grip black,Weapon_Mod,Foregrip,Rvggripicon.png
165,Hera Arms CQR tactical grip,Weapon_Mod,Foregrip,Heraarmsgripicon.png
166,Handguard with a gas block combo by TROY Industries for AK,Weapon_Mod,Gas Block,Troyhgicon.png
167,AKM (6P1 Sb.1-2) gas tube,Weapon_Mod,Gas Block,6p1sb.png
168,PP-19-01 gas tube,Weapon_Mod,Gas Block,Pp19gas.png
169,Molot AKM type gas tube,Weapon_Mod,Gas Block,Akmgas.png
170,MK12 Low Profile Gas Block,Weapon_Mod,Gas Block,Mk12.png
171,Windham Weaponry Rail Gas Block,Weapon_Mod,Gas Block,Picblock.png
172,Kiba Arms VDM CS gas tube,Weapon_Mod,Gas Block,Vdmcs.png
173,AK-74 Gas tube,Weapon_Mod,Gas Block,Ak74.png
174,UltiMAK M1-B gas tube for AK,Weapon_Mod,Gas Block,M1b.png
175,JP Enterprises Gas System-6,Weapon_Mod,Gas Block,Jpgs6.png
176,AKS-74U Gas tube,Weapon_Mod,Gas Block,Aksu.png
177,2U "Kleh" tactical flashlight,Weapon_Mod,Tactical Device,Kleh_Icon.png
178,Holosun LS321 Tactical device,Weapon_Mod,Tactical Device,Ls321.png
179,AN/PEQ-15 tactical device,Weapon_Mod,Tactical Device,Peq.png
180,X400 tactical flashlight,Weapon_Mod,Tactical Device,X400.png
181,2IRS Klesch flashlight + laser designator,Weapon_Mod,Tactical Device,2irs.png
182,2P Klesch flashlight + laser designator,Weapon_Mod,Tactical Device,Klesch.png
183,Glock Tactical GL21 flashlight with laser,Weapon_Mod,Tactical Device,Gl21.png
184,Surefire XC1 tactical flashlight,Weapon_Mod,Tactical Device,Xc1.png
185,LAS/TAC 2 tactical flashlight,Weapon_Mod,Tactical Device,LASTAC_2_Icon.png
186,Cobra Family Sights Shade,Weapon_Mod,Auxiliary,Cobracupicon.png
187,PSO scope eyecup,Weapon_Mod,Auxiliary,Psocupicon.png
188,REAP-IR scope eyecup,Weapon_Mod,Auxiliary,Reapcupicon.png
189,SV-98 anti-heat ribbon,Weapon_Mod,Auxiliary,Heatribbonicon.png
190,Zev Tech sight mount cap,Weapon_Mod,Auxiliary,Glockplateicon.png
191,Vulcan MG scope eyecup,Weapon_Mod,Auxiliary,Vulcan_Eyecup_Icon.png
192,Izhmash 7.62x39 AKM muzzlebrake & compensator (6P1 0-14),Weapon_Mod,Compensator,6p1.png
193,Molot 7.62x39 Vepr KM / VPO-136 muzzlebrake & compensator,Weapon_Mod,Compensator,Vpo136muz.png
194,Thread protection for AKM/VPO-209,Weapon_Mod,Compensator,Vpo209muzz.png
195,KAC QD Compensator 5.56x45,Weapon_Mod,Compensator,Kac.png
196,Noveske KX3 5.56x45 flashhider,Weapon_Mod,Compensator,Kx3.png
197,Izhmash 7.62x39 flash hider for AKML system,Weapon_Mod,Compensator,Akml.png
198,AAC Blackout 51T 7.62x51 flash-hider,Weapon_Mod,Compensator,Blackout.png
199,Taktika Tula AK and AKM adapter,Weapon_Mod,Compensator,Ttakm.png
200,Carver Custom 4 Port 9x19 muzzle brake,Weapon_Mod,Compensator,4port.png
201,Decelerator 3 Port 9x19 Compensator,Weapon_Mod,Compensator,G3port.png
202,Double Diamond flash hider,Weapon_Mod,Compensator,Glockdd.png
203,Alpha Wolf Bullnose 9x19 Compensator,Weapon_Mod,Compensator,Gaw.png
204,Lone Wolf Compensator 9 9x19,Weapon_Mod,Compensator,Lw9.png
205,Strike Industries G4 slide compensator 9x19,Weapon_Mod,Compensator,G4.png
206,Anihilator 7.62x39 5.56x45 and 9mm muzzlebrake & compensator for AR-15,Weapon_Mod,Flash Hider,Anihilator_Icon.png
207,DS Arms "3 prong trident" 7.62x51 Flashhider for SA-58,Weapon_Mod,Flash Hider,SA58_3Prong_Icon.png
208,Phantom 7.62x51 muzzlebrake & compensator for M14,Weapon_Mod,Flash Hider,Phantomicon.png
209,Vortex DC 7.62x51 muzzlebrake & compensator for M14,Weapon_Mod,Flash Hider,Vortexicon.png
210,National Match 7.62x51 muzzlebrake & compensator for M1A,Weapon_Mod,Flash Hider,NationalMatchMBIcon.png
211,JP Enterprises tactical compensator 7.62x51 muzzlebrake & compensator for M14,Weapon_Mod,Flash Hider,Jpmuzzlem1icon.png
212,Good Iron 7.62x51 muzzlebrake & compensator for M14,Weapon_Mod,Flash Hider,GoodIronIcon.png
213,Izhmash 5.45x39 AK-74 muzzlebrake & compensator (6P20 0-20),Weapon_Mod,Flash Hider,6p20.png
214,Zenit DTK-1 7.62x39 & 5.45x39 muzzlebrake & compensator for AK,Weapon_Mod,Flash Hider,DTK-1.png
215,Izhmash 5.45x39 muzzle break for AKS-74U (6P26 0-20),Weapon_Mod,Flash Hider,6P26.png
216,Colt USGI A2 5.56x45 Flashhider for AR-15,Weapon_Mod,Flash Hider,Usgia2.png
217,PWS CQB 5.56 x 45 Muzzle brake,Weapon_Mod,Flash Hider,Pwsm4.png
218,A2 9x19 Flashhider for MPX,Weapon_Mod,Flash Hider,Mpxa2.png
219,SV-98 muzzle device,Weapon_Mod,Flash Hider,Sv98thread.png
220,Дульный тормоз-компенсатор Vendetta precision VP-09 5.56x45,Weapon_Mod,Flash Hider,Vpo09.png
221,Izhmash 9x19 PP-19-01 muzzle brake/compensator,Weapon_Mod,Flash Hider,Pp19muzz.png
222,Izhmash 9x19 Saiga-9 muzzle brake/compensator,Weapon_Mod,Flash Hider,Saiga9muz.png
223,PWS CQB 74 5.45x39 Muzzle brake,Weapon_Mod,Flash Hider,Pws74.png
224,DVL-10 M2 muzzle break,Weapon_Mod,Flash Hider,DVL-10_M2.png
225,DVL-10 muzzle device,Weapon_Mod,Flash Hider,DVL-10_MD.png
226,Tromix Monster Claw 12ga muzzle brake,Weapon_Mod,Flash Hider,12gamonster.png
227,Socom 16 7.62x51 muzzlebrake & compensator for M1A (threaded),Weapon_Mod,Flash Hider,Socom16thicon.png
228,Izhmash 5.65x45 АK-101 muzzlebrake & compensator,Weapon_Mod,Flash Hider,Ak101mbicon.png
229,Izhmash 5.45x39 АK-74M muzzlebrake & compensator (6P20 0-20),Weapon_Mod,Flash Hider,6P20_0-20Icon.png
230,Izhmash 5.45x39 АK-105 muzzlebrake & compensator (6P44 0-20),Weapon_Mod,Flash Hider,6P44_0-20Icon.png
231,Izhmash 7.62x39 АK-104 muzzlebrake & compensator (6P46 0-20),Weapon_Mod,Flash Hider,6p46icon.png
232,Izhmash 7.62x39 АK-103 muzzlebrake & compensator,Weapon_Mod,Flash Hider,Ak103mbicon.png
233,Izhmash 5.56x45 АK-102 muzzlebrake & compensator (6P44 0-20),Weapon_Mod,Flash Hider,6P44_0-20Icon.png
234,Socom 16 7.62x51 muzzlebrake & compensator for M1A (unthreaded),Weapon_Mod,Flash Hider,Socom16muzzleicon.png
235,Spike tactical dynacomp 7.62x39 muzzlebrake & compensator for AK,Weapon_Mod,Flash Hider,Dynacompicon.png
236,SilencerCo Salvo 12 thread adapter,Weapon_Mod,Muzzle Device,SilencerCo_Salvo_12_thread_adapter_Icon.png
237,Remington Tactical Choke 12ga,Weapon_Mod,Muzzle Device,Choke12ga.png
238,Direct Thread Mount adapter for Silencerco Hybrid 46.,Weapon_Mod,Muzzle Device,Hybridmount.png
239,3 Lug thread protector,Weapon_Mod,Muzzle Device,3lug.png
240,P226 thread protection cap,Weapon_Mod,Muzzle Device,P226threadicon.png
241,PP-91-01 Kedr-B muzzle thread piece,Weapon_Mod,Muzzle Device,Pp19thread.png
242,SOK-12 Protection tube,Weapon_Mod,Muzzle Device,Saigathread.png
243,GK-02 Muzzle Brake,Weapon_Mod,Muzzle Device,Gk02.png
244,Thread protector for Alpha Wolf Glock barrels,Weapon_Mod,Muzzle Device,Wolfthreadicon.png
245,Glock thread protector produced by Double Diamond,Weapon_Mod,Muzzle Device,Glockddthreadproticon.png
246,Glock thread protector produced by Salient Arms,Weapon_Mod,Muzzle Device,Glockthread.png
247,Hexagon 12K sound suppressor,Weapon_Mod,Precision Mounting System,Hexagon12kicon.png
248,PBS-4 5.45x39 Silencer,Weapon_Mod,Precision Mounting System,Pbs-4icon.png
249,Hexagon AK-74 5.45x39 sound suppressor,Weapon_Mod,Precision Mounting System,Hexagonak-47icon.png
250,Hexagon SKS 7.62x39 sound suppressor,Weapon_Mod,Precision Mounting System,Heaxagonsksicon.png
251,Zenit DTK-4M muzzle brake,Weapon_Mod,Precision Mounting System,Dtk-4micon.png
252,Hexagon AKM 7.62x39 sound suppressor,Weapon_Mod,Precision Mounting System,Hexagonakmicon.png
253,Rotor 43 9x19 muzzle brake,Weapon_Mod,Precision Mounting System,Icon_Rotor43_9.19.png
254,Rotor 43 7.62x39 muzzle brake,Weapon_Mod,Precision Mounting System,Icon_Rotor43_7.62.png
255,Rotor 43 .366TKM muzzle brake,Weapon_Mod,Precision Mounting System,Icon_Rotor43_366TKM.png
256,Rotor 43 5.56x45 muzzle brake,Weapon_Mod,Precision Mounting System,Icon_Rotor43_5.56x45.png
257,Silencer APB 9x18PM,Weapon_Mod,Precision Mounting System,Apbsilencericon.png
258,SilencerCo Salvo 12 sound suppressor,Weapon_Mod,Silencer,SilencerCo_Salvo_12_sound_suppressor_Icon.png
259,MP5SD 9x19 silencer,Weapon_Mod,Silencer,MP5SDsuppressoricon.png
260,Surefire SOCOM556-MINI MONSTER 5.56x45 Silencer,Weapon_Mod,Silencer,Surefire_Mini_Monster.png
261,AAC 762 SDN-6 7.62x51 Sound Suppressor,Weapon_Mod,Silencer,762sdn-6icon.png
262,SilencerCo Osprey 9 9x19mm sound suppressor,Weapon_Mod,Silencer,Osprey9icon.png
263,SR1MP silencer 9x21,Weapon_Mod,Silencer,Sr1mpicon.png
264,Silencerco Hybrid 46 multi-caliber silencer,Weapon_Mod,Silencer,Hybrid46icon.png
265,Vityaz 9x19 sound suppressing device,Weapon_Mod,Silencer,Vityazsilicon.png
266,Makeshift 7.62x25 TT silencer,Weapon_Mod,Silencer,Ttsilencericon.png
267,Fischer Development FD917 suppressor,Weapon_Mod,Silencer,Fd917icon.png
268,Alpha Dog Alpha 9 9x19 sound suppressor,Weapon_Mod,Silencer,Alpha9icon.png
269,KAC QDSS NT-4 5.56x45 silencer,Weapon_Mod,Silencer,NT4_Icon.png
270,MPX-SD 9x19 Integrated silencer,Weapon_Mod,Silencer,Mpx-sdicon.png
271,VSS 9x39 integral barrel-suppressor,Weapon_Mod,Silencer,Vsssuppressoricon.png
272,Knight's Armament Company KAC QDC Suppressor 6.5x35,Weapon_Mod,Silencer,6.5QDCS_Icon.png
273,Surefire SOCOM556-MONSTER 5.56x45 silencer,Weapon_Mod,Silencer,Surfire_Monster.png
274,PBS-1 7.62x39 silencer,Weapon_Mod,Silencer,Pbs-1icon.png
275,Stock silencer for PB 9x18 PM,Weapon_Mod,Silencer,Pbs-sicon.png
276,TGP-A 5.45x39 muzzle device/suppressor,Weapon_Mod,Silencer,Tgp-aicon.png
277,AS VAL 9x39 integral barrel-suppressor,Weapon_Mod,Silencer,Valsuppressoricon.png
278,PP-91-01 Kedr-B 9x18PM suppressor,Weapon_Mod,Silencer,PP-91-01_Suppressor_icon.png
279,ELCAN SpecterDR 1x/4x Scope,Weapon_Mod,Assault Scope,SpectreDR_Icon.png
280,ELCAN Specter OS4x assault scope,Weapon_Mod,Assault Scope,OS4x.png
281,Leupold Mark 4 HAMR 4x24mm DeltaPoint hybrid assault scope,Weapon_Mod,Assault Scope,Hamricon.png
282,Sig BRAVO4 4X30 Scope,Weapon_Mod,Assault Scope,Bravo4icon.png
283,Trijicon ACOG 3.5x35 scope,Weapon_Mod,Assault Scope,Acogicon.png
284,Cobra EKP-8-18 reflex sight,Weapon_Mod,Reflex Sight,Ekp-8-18icon.png
285,Eotech 553 holographic sight,Weapon_Mod,Reflex Sight,553icon.png
286,Eotech EXPS3 holographic sight,Weapon_Mod,Reflex Sight,64px-EXPS3_Sight_icon.png
287,Eotech XPS3-0 holographic sight,Weapon_Mod,Reflex Sight,Xps3-0icon.png
288,Eotech XPS3-2 holographic sight,Weapon_Mod,Reflex Sight,Xps3-2icon.png
289,VOMZ Pilad P1X42 WEAVER reflex sight,Weapon_Mod,Reflex Sight,P1x42icon.png
290,Walther MRS reflex sight,Weapon_Mod,Reflex Sight,Mrsicon.png
291,Cobra EKP-8-02 reflex sight,Weapon_Mod,Reflex Sight,Ekp-8-02icon.png
292,OKP-7 reflex sight,Weapon_Mod,Reflex Sight,Okp-7icon.png
293,OKP-7 reflex sight (Dovetail),Weapon_Mod,Reflex Sight,Okp-7doveicon.png
294,Vortex Razor AMG UH-1 holographic sight,Weapon_Mod,Reflex Sight,Uh-1icon.png
295,Holosun HS401G5 reflex sight,Weapon_Mod,Reflex Sight,HS401G5_Icon.png
296,Belomo PK-06 reflex sight,Weapon_Mod,Compact Reflex Sight,Pk-06icon.png
297,Aimpoint Micro T-1 reflex sight,Weapon_Mod,Compact Reflex Sight,T-1icon.png
298,Burris FastFire 3 Reflex Sight,Weapon_Mod,Compact Reflex Sight,Ff3icon.png
299,Leupold DeltaPoint Reflex Sight,Weapon_Mod,Compact Reflex Sight,Dpicon.png
300,Trijicon RMR,Weapon_Mod,Compact Reflex Sight,Rmricon.png
301,Sig Sauer Romeo 4 reflex sight,Weapon_Mod,Compact Reflex Sight,Sig_Sauer_Romeo_4_reflex_sight_icon.png
302,DS Arms Holand Type Rearsight for SA-58,Weapon_Mod,Ironsight,SA58_Holand_Rear_Icon.png
303,SA National Match .062 blade Frontsight M1A,Weapon_Mod,Ironsight,062bladeicon.png
304,Colt M4 Front sight,Weapon_Mod,Ironsight,M4frontsighticon.png
305,Rearsight AR-15 Carry Handle,Weapon_Mod,Ironsight,M4handleicon.png
306,AK-105 Standard Rearsight (6P44 Sb.1-30),Weapon_Mod,Ironsight,6p44icon.png
307,AK-74M Standard Rearsight (6P20 Sb.2),Weapon_Mod,Ironsight,6p20sb.2icon.png
308,M14 Enlarged Military Aperture Rearsight,Weapon_Mod,Ironsight,M14135icon.png
309,APB Rearsight,Weapon_Mod,Ironsight,Apbrearicon.png
310,APS Rearsight,Weapon_Mod,Ironsight,APS_Rearsight_icon.png
311,APS Frontsight,Weapon_Mod,Ironsight,APS_Frontsight_icon.png
312,SA XS Post .125 blade Frontsight M1A,Weapon_Mod,Ironsight,125bladeicon.png
313,SIG Flip Up Frontsight,Weapon_Mod,Ironsight,Mpxfronticon.png
314,UTG Low Profile A2 Frontsight AR-15,Weapon_Mod,Ironsight,M4fronticon.png
315,Sig Sauer Standard Frontsight,Weapon_Mod,Ironsight,Ps226fronticon.png
316,SIG Flip Up Rearsight,Weapon_Mod,Ironsight,Mpxrearicon.png
317,Colt A2 Rearsight AR-15,Weapon_Mod,Ironsight,M4fronticon.png
318,HK MP5 Drum Rearsight,Weapon_Mod,Ironsight,Mp5rearicon.png
319,Sig Sauer P226 Standard Rearsight,Weapon_Mod,Ironsight,P226rearicon.png
320,Izhmash SOK-12 Front sight,Weapon_Mod,Ironsight,Saiga12rearicon.png
321,SKS Standard Rearsight,Weapon_Mod,Ironsight,Sksrearicon.png
322,Izhmash SV-98 Rearsight,Weapon_Mod,Ironsight,Sb98rearicon.png
323,AS VAL Standard rear sight,Weapon_Mod,Ironsight,Asvalrearicon.png
324,VSS Vintorez Standard Rearsight,Weapon_Mod,Ironsight,Vssrearicon.png
325,Dead Ringer Snake Eye Glock front sight,Weapon_Mod,Ironsight,Glocksefronticon.png
326,Glock Front Sight,Weapon_Mod,Ironsight,Glockfsicon.png
327,Truglo TFX Glock front sight,Weapon_Mod,Ironsight,Tfxfronticon.png
328,Glock ZEV Tech Front sight,Weapon_Mod,Ironsight,Gfszticon.png
329,Dead Ringer Snake Eye Glock rear sight,Weapon_Mod,Ironsight,Glockserearicon.png
330,Glock Rear Sight,Weapon_Mod,Ironsight,Glockrsicon.png
331,Truglo TFX Glock rear sight,Weapon_Mod,Ironsight,Tfxrearicon.png
332,Glock ZEV Tech Rear sight,Weapon_Mod,Ironsight,Grszticon.png
333,AKMP system front sight device,Weapon_Mod,Ironsight,Akmpfronticon.png
334,AK-74 Standard Rearsight (6P1 Sb.2),Weapon_Mod,Ironsight,6p1sb2.png
335,AKM Standard Rearsight (6P1 Sb.2-1),Weapon_Mod,Ironsight,6p1sb.2-1icon.png
336,AKMB system rear sight,Weapon_Mod,Ironsight,Akmbicon.png
337,AKMP system rear sight device,Weapon_Mod,Ironsight,Akmprearicon.png
338,AKM / VPO-209 Standard Rearsight,Weapon_Mod,Ironsight,Vporearicon.png
339,Tactica Tula TT01 Rearsight Weaver Adapter,Weapon_Mod,Ironsight,Tt01icon.png
340,Sight Mount Sig 220-239 rear sight bearing,Weapon_Mod,Ironsight,Sm220rearicon.png
341,Izhmash rear sight for PP-19-01,Weapon_Mod,Ironsight,Pp19rearsight.png
342,SOK-12 CSS SIGHT RAIL MOUNT rear sight,Weapon_Mod,Ironsight,Saiga12rearrailicon.png
343,Nightforce ATACR 7-35x56 riflescope,Weapon_Mod,Scope,Nightforce_ATACR_7-35x56Icon.png
344,Leupold Mark 4 LR 6.5-20x50 riflescope,Weapon_Mod,Scope,6.5-20x50icon.png
345,Optical scope March Tactical 3-24x42 FFP,Weapon_Mod,Scope,3-24x42icon.png
346,Hensoldt FF 3-12x56 scope,Weapon_Mod,Scope,Ff3-12icon.png
347,Nightforce NXS 2.5-10x24 scope,Weapon_Mod,Scope,NXS_2.5-10.png
348,Zenit-Belomo PSO 1M2-1 4x24 scope,Weapon_Mod,Scope,Psoicon.png
349,EOtech Vudu 1-6 riflescope,Weapon_Mod,Scope,1_6_vudu_icon.png
350,Burris FullField TAC 30 1-4x24 riflescope,Weapon_Mod,Scope,TAC30_Icon.png
351,Vulcan MG night scope 3.5x,Weapon_Mod,Special Scope,Vulcan_MG_night_scope_3.5x_Icon.png
352,Trijicon REAP-IR thermal riflescope,Weapon_Mod,Special Scope,Thermalicon.png
353,NSPU-M night Scope,Weapon_Mod,Special Scope,Nspu-micon.png
354,Zenit RP-1 charge handle for AK,Weapon_Mod,Charging Handle,Rp-1icon.png
355,Badger Ordnance Tactical Charging Handle Latch,Weapon_Mod,Charging Handle,Botlicon.png
356,Raptor charging handle for AR-15,Weapon_Mod,Charging Handle,Raptor_Icon.png
357,Colt AR-15 charging handle for AR-15,Weapon_Mod,Charging Handle,Ar15handleicon.png
358,MP5 Cocking Handle,Weapon_Mod,Charging Handle,Mp5handleicon.png
359,SIG double latch charging handle for MPX,Weapon_Mod,Charging Handle,SIG_double_latch_charging_handle_for_MPX_Icon.png
360,SIG single latch charging handle for MPX,Weapon_Mod,Charging Handle,Mpxhandleicon.png
361,GP-34 underbarrel grenade launcher,Weapon_Mod,Grenade Launcher,Gp34icon.png
362,X-14 M14 50 round 7.62x51 magazine,Weapon_Mod,Magazine,M1450roundericon.png
363,M14 30 round 7.62x51 magazine,Weapon_Mod,Magazine,30roundm1magicon.png
364,PMAG GEN M3 30 5.56x45 STANAG 30-round magazine,Weapon_Mod,Magazine,M4mag30roundnowindowicon.png
365,6L29 30-round 5.56x45 magazine for АK-101 and compatible weapons,Weapon_Mod,Magazine,6l29icon.png
366,30-round 7.62x39 magazine for АK-103 and compatible weapons,Weapon_Mod,Magazine,AK-103Magicon.png
367,M1A 20 round 7.62x51 magazine,Weapon_Mod,Magazine,M1amagicon.png
368,PMAG GEN M3 10 5.56x45 STANAG 10-round magazine,Weapon_Mod,Magazine,10roundm4icon.png
369,Pmag 30 AK74 GEN M3 5.45x39 magazine for AK and compatibles 30-round capacity,Weapon_Mod,Magazine,Pmag30aknicon.png
370,30-round SR3M.130 9x39 SR3M magazine,Weapon_Mod,Magazine,64px-Vssval30roundericon.png
371,SAI-02 10-round 12x76 magazine for SOK-12 and compatible weapons,Weapon_Mod,Magazine,10RounderSaiga12Icon.png
372,8-shell MP-133x8 12ga magazine,Weapon_Mod,Magazine,Mp133x8.png
373,Izhmash 6L10 7.62x39 magazine for AK and compatibles 30-round capacity,Weapon_Mod,Magazine,6l10magicon.png
374,7.62x39 ribbed metal magazine for AK and compatibles 10-round capacity,Weapon_Mod,Magazine,Ak10rndmag.png
375,SR1-MP magazine,Weapon_Mod,Magazine,Sr1mpmag.png
376,P226 magazine,Weapon_Mod,Magazine,P226mag.png
377,20-round 6L25 9x39 VSS magazine,Weapon_Mod,Magazine,Vss20rndicon.png
378,30-round 6L23 5.45x39 magazine for AK-74 and compatibles,Weapon_Mod,Magazine,30rndakplastic.png
379,45-round 6L26 5.45x39 magazine for AK-74 and compatibles,Weapon_Mod,Magazine,6l26magicon.png
380,10-round .308 DVL-10 magazine,Weapon_Mod,Magazine,Dvlmag.png
381,MP-443 magazine,Weapon_Mod,Magazine,Grachmag.png
382,Standard MP5 30-round 9x19 magazine,Weapon_Mod,Magazine,Mp5magicon.png
383,Glock 9x19 magazine,Weapon_Mod,Magazine,Glockmag.png
384,Standard MPX 30-round 9x19 magazine,Weapon_Mod,Magazine,Mpxmagicon.png
385,6-shell MP-133x8 12ga magazine,Weapon_Mod,Magazine,Mp133x6.png
386,MP-153 foreend cap,Weapon_Mod,Magazine,Mp153x4.png
387,X Products X-5 MP5 50-round 9x19 magazine,Weapon_Mod,Magazine,Mp5drumicon.png
388,MP-153 magazine extension (5-shell),Weapon_Mod,Magazine,Mp153x5.png
389,MP-153 magazine extension (6-shell),Weapon_Mod,Magazine,Mp153x6.png
390,MP-153 magazine extension (7-shell),Weapon_Mod,Magazine,Mp153x7.png
391,MP-153 magazine extension (8-shell),Weapon_Mod,Magazine,Mp153x8.png
392,60-round 6L31 5.45x39 magazine for AK-74 and compatibles,Weapon_Mod,Magazine,6l31magicon.png
393,Palm US AK30 7.62x39 magazine for AK and compatibles 30-round capacity,Weapon_Mod,Magazine,Ak30akmmagicon.png
394,TT-105 7.62x25 TT Magazine,Weapon_Mod,Magazine,TT-105_magazine_icon.png
395,PM/PPSH 9x18PM 84-round drum mag for PM,Weapon_Mod,Magazine,Makarovdrumicon.png
396,90-93 9x18PM Magazine for 8 PM rounds,Weapon_Mod,Magazine,Makarovmag.png
397,Sb.5 5-round 12x76 magazine for SOK-12 and compatible weapons,Weapon_Mod,Magazine,Saig12mag.png
398,ProMag SKS-A5 7.62x39 20-round SKS magazine,Weapon_Mod,Magazine,Sksmagicon.png
399,6L20 30-round 5.45x39 magazine for AK-74 and compatible weapons,Weapon_Mod,Magazine,6l2030rndmagicon.png
400,10-round 6L24 9x39 VSS magazine,Weapon_Mod,Magazine,Vss10rnd.png
401,6L18 45-round 5.45x39 magazine for AK-74 and compatible weapons,Weapon_Mod,Magazine,45orangeakmagicon.png
402,Izhmash AK magazine (issued ‘55 or later) 30-round for 7.62x39 AK and compatibles,Weapon_Mod,Magazine,Ak55mag.png
403,Izhmash 7.62x39 AKMS aluminium magazine for AK and compatibles 30-round capacity,Weapon_Mod,Magazine,Amsalu.png
404,10-round Saiga 545 5.45x39 magazine for AK-74 and compatibles,Weapon_Mod,Magazine,Ak7410rndmag.png
405,10-round polymer magazine 7.62x54R for SV-98,Weapon_Mod,Magazine,Sv98mag.png
406,Molot 6P2.Sb-11 7.62x39 magazine for AK and compatibles 40-round capacity,Weapon_Mod,Magazine,Akm40rndicom.png
407,Pmag 30 AK/AKM GEN M3 7.62x39 magazine for AK and compatibles 30-round capacity,Weapon_Mod,Magazine,Pmag30rndakmicon.png
408,Standard APS 9x18PM 20-round magazine,Weapon_Mod,Magazine,APS_9x19PM_20-round_magazine_icon.png
409,10-round Izh.9x19 Sb.7 magazine,Weapon_Mod,Magazine,Pp1910rndicon.png
410,Standard PP-19-01 30-round 9x19 magazine,Weapon_Mod,Magazine,Pp1930rndicon.png
411,Standard 9x18PM 20-round magazine for PP-91,Weapon_Mod,Magazine,Kedr20rndmag.png
412,Standard 9x18PM 30-round magazine for PP-91,Weapon_Mod,Magazine,Kedr30rnd.png
413,Colt AR-15 5.56x45 STANAG 30-round magazine,Weapon_Mod,Magazine,Stanag30rndicon.png
414,Magpul PMAG D-60 5.56x45 60-round magazine,Weapon_Mod,Magazine,Magpul_PMAG_D-60.png
415,PMAG GEN M3 20 5.56x45 STANAG 20-round magazine,Weapon_Mod,Magazine,M420-round.png
416,40-round PMAG GEN M3 40 5.56x45 STANAG magazine,Weapon_Mod,Magazine,M440roundicon.png
417,PMAG GEN M3 30 5.56x45 STANAG 30-round magazine (observation slot),Weapon_Mod,Magazine,Genm30m4magicon.png
418,60-round MAG5-60 5.56x45 STANAG magazine,Weapon_Mod,Magazine,STANAG_magazine_60-round_MAG5_-5.56x45.png
419,PMAG SR/LR GEN M3 20 7.62x51 20 rnd,Weapon_Mod,Magazine,Rsassmag.png
420,2-shot MC 20-01 Sb.3 20ga magazine for TOZ-106,Weapon_Mod,Magazine,Toz2rnd.png
421,4-shot MC 20-01 Sb.3 20ga magazine for TOZ-106,Weapon_Mod,Magazine,Toz4rnd.png
422,10-shell M870x7 12ga magazine,Weapon_Mod,Magazine,10shell870magicon.png
423,7-shell M870x7 12ga magazine,Weapon_Mod,Magazine,M870x7icon.png
424,Pmag GL9 polymer magazine,Weapon_Mod,Magazine,Glockpolymermag.png
425,SGMT Drum mag for Glock 9x19 50 rounds capacity,Weapon_Mod,Magazine,Glockdrumicon.png
426,4-shell M870 12ga magazine cap,Weapon_Mod,Magazine,4-shell_M870_12ga_magazine_cap_icon.png
427,Big Stick 9x19 magazine for Glock 9x19,Weapon_Mod,Magazine,Bigstickicon.png
428,FAL/SA-58 7.62x51 20 rnd,Weapon_Mod,Magazine,FAL_20_Icon.png
429,Bakelite 7.62x39 magazine for AK and compatibles 40-round capacity,Weapon_Mod,Magazine,40_Bak_Mag_Icon.png
430,Izhmash 7.62x39 AK aluminium magazine for AK and compatibles 10-round capacity,Weapon_Mod,Magazine,AKAl10Icon.png
431,Troy QARS 4.2 inch guide,Weapon_Mod,Mount,Troy42inchicon.png
432,30mm rings made by Nightforce,Weapon_Mod,Mount,NF_30mm_Icon.png
433,Armasight universal base,Weapon_Mod,Mount,Armasight_universal_base_Icon.png
434,Alexander Arms 10 inch guide,Weapon_Mod,Mount,Alexander_Arms_10_inch_guide_Icon.png
435,Alexander Arms 3 inch guide,Weapon_Mod,Mount,Alexander_Arms_3_inch_guide_Icon.png
436,30mm ring-mount AR- P.E.P.R. made by Burris,Weapon_Mod,Mount,30mm_ring-mount_AR-_P.E.P.R._made_by_Burris_Image_Icon.png
437,Troy QARS 3.2 inch guide,Weapon_Mod,Mount,Troy32inchicon.png
438,Sig Sauer mount for the sights of Romeo series.,Weapon_Mod,Mount,Sig_Sauer_mount_for_the_sights_of_Romeo_series_icon.png
439,M14 UTG 4 point locking deluxe mount,Weapon_Mod,Mount,UTG4Icon.png
440,Arms 18 mount for M14,Weapon_Mod,Mount,Arms18icon.png
441,M14 Mini Scout mount,Weapon_Mod,Mount,Miniscouticon.png
442,M14 Ultimak M8 upper part,Weapon_Mod,Mount,M14_Ultimak_M8_upper_part.png
443,M14 DCSB,Weapon_Mod,Mount,M14dcsbicon.png
444,CASV 14 mount for M14,Weapon_Mod,Mount,Casv14mounticon.png
445,M1A Socom 16 upper part,Weapon_Mod,Mount,Socom16uppericon.png
446,34mm one piece magmount made by Nightforce with a Multimount rail,Weapon_Mod,Mount,34mmrailmounticon.png
447,34mm one piece magmount made by Nightforce,Weapon_Mod,Mount,34mmmounticon.png
448,B-3 mount combo,Weapon_Mod,Mount,B3comboicon.png
449,Strike industries bridge guide,Weapon_Mod,Mount,Traxbridgeicon.png
450,Strike industries keymod 6 inch guide,Weapon_Mod,Mount,6inchrailicon.png
451,Strike industries keymod 4 inch guide,Weapon_Mod,Mount,4inchrailicon.png
452,B&T 3x rail mount for MP5,Weapon_Mod,Mount,B%26t3xicon.png
453,Trijicon RMR mount for ACOG scopes,Weapon_Mod,Mount,Rm35.png
454,Axion Cobra mount,Weapon_Mod,Mount,Cobra.png
455,SR1MP single rail mount,Weapon_Mod,Mount,Sr1mp1x.png
456,B&T MP5 SD Tri Rail Ring Mount,Weapon_Mod,Mount,Sdtrr.png
457,Tactica Tula 10000 mount,Weapon_Mod,Mount,Tt10000.png
458,SIG MPX Gen1 Handguard 2 inch rail adapter,Weapon_Mod,Mount,2ingen1.png
459,MFI HK Universal Low Profile Scope Mount,Weapon_Mod,Mount,Mfihkmou.png
460,B-8 mount,Weapon_Mod,Mount,B8.png
461,Aimpoint Micro Spacer High,Weapon_Mod,Mount,Amsh.png
462,Norotos Titanium Advanced Tactical Mount,Weapon_Mod,Mount,Tatm.png
463,B-18 Mount,Weapon_Mod,Mount,B18.png
464,Dual Dovetail Mount for PVS-14 monocular,Weapon_Mod,Mount,Ddt.png
465,Aimpoint mount for the sights of Micro series,Weapon_Mod,Mount,Amm.png
466,B-3 mount,Weapon_Mod,Mount,B3.png
467,NcStar MPR45 Backup mount,Weapon_Mod,Mount,Mpr45.png
468,High profile mount for Trijicon RMR,Weapon_Mod,Mount,Ac32062.png
469,Cross Slot Mount base for Deltapoint scopes,Weapon_Mod,Mount,Dpcsm.png
470,SR1MP quad rail mount,Weapon_Mod,Mount,Sr1mp4x.png
471,Low profile mount for Trijicon RMR,Weapon_Mod,Mount,Rm33.png
472,B-12 Mount,Weapon_Mod,Mount,B12.png
473,25 mm mount ring,Weapon_Mod,Mount,25mm.png
474,TA51 Mount for sights,Weapon_Mod,Mount,Ta51.png
475,UNV DLOC-IRD Mount for sights,Weapon_Mod,Mount,Dlocird.png
476,Trijicon RMR mount for a Sig-Sauer pistols,Weapon_Mod,Mount,Rm50.png
477,Burris FastFire Weaver Base,Weapon_Mod,Mount,Ffwb.png
478,SIG MPX Gen1 Handguard 4 inch rail adapter,Weapon_Mod,Mount,4ingen1.png
479,UTG SKS SOCOM Rail mount,Weapon_Mod,Mount,Skssocom.png
480,Pilad 043-02 Mount,Weapon_Mod,Mount,043-02.png
481,Dovetail OP-SKS mount.,Weapon_Mod,Mount,Opsksdt.png
482,TOZ 6P29M Mount,Weapon_Mod,Mount,6p29m.png
483,30mm Scope mount,Weapon_Mod,Mount,30mmmount.png
484,Delta-tek Sprut mount for pump-action shotguns,Weapon_Mod,Mount,Sprout.png
485,Rotor 43 RIS mount for PP Kedr,Weapon_Mod,Mount,Kedrris.png
486,Kiba Arms International SPRM mount for pump-action shotguns,Weapon_Mod,Mount,Sprm.png
487,30mm ring-mount made by JP,Weapon_Mod,Mount,Jp30mm.png
488,SR1MP silencer mount,Weapon_Mod,Mount,Sr1mpsilencermount.png
489,Vltor CASV keymod 2 inch guide,Weapon_Mod,Mount,2incasv.png
490,Vltor CASV keymod 4 inch guide,Weapon_Mod,Mount,4incasv.png
491,Vltor CASV keymod 6 inch guide,Weapon_Mod,Mount,6incasv.png
492,Aimtech glock base,Weapon_Mod,Mount,Gbase.png
493,MTU-028SG rail for M870,Weapon_Mod,Mount,MTU-028SG_rail_for_M870_icon.png
494,Mesa Tactical magazine clamp for M870,Weapon_Mod,Mount,M870clampicon.png
495,XS Short rail with Ghost ring for M870,Weapon_Mod,Mount,Xsshorticon.png
496,Aimtech Tiger Shark,Weapon_Mod,Mount,Tigershark.png
497,UM Tactical UM3 Sight Mount,Weapon_Mod,Mount,Um3.png
498,Bridge Sight Mount for P226,Weapon_Mod,Mount,226Bridge_Icon.png
499,Buffer Tube adapter for SA-58,Weapon_Mod,Stock,SA58_Buffer_Icon.png
500,Zhukov-S for AK,Weapon_Mod,Stock,ZhukovS_Icon.png
501,F93 Pro Stock,Weapon_Mod,Stock,F93_Icon.png
502,EMOD Stock,Weapon_Mod,Stock,Emodstockicon.png
503,Tapco buffer tube,Weapon_Mod,Stock,TAPCO_Tube_Icon.png
504,M1A Archangel stock,Weapon_Mod,Stock,Archangelstockicon.png
505,M14 M14ALCS(MOD. 0) stock,Weapon_Mod,Stock,M14alcsstockicon.png
506,M14 M14ALCS(MOD. 0) stock (buttstock),Weapon_Mod,Stock,M14alcsbuttstockicon.png
507,LEO stock adapter for M870,Weapon_Mod,Stock,Leom870icon.png
508,MC 20-01 stock,Weapon_Mod,Stock,Tozfullsizestockicon.png
509,LMT Sopmod stock,Weapon_Mod,Stock,LMTSopmodStockIcon.png
510,Troy S.A.S.S. Chassis stock для M14,Weapon_Mod,Stock,S.a.s.sm14icon.png
511,AKM/AK-74 PT Lock,Weapon_Mod,Stock,AKM_AK-74N_PT_Lock_icon.png
512,AK74/AK100 PT Lock,Weapon_Mod,Stock,Ptlockicon.png
513,Polymer stock for AK-74M (6P34 Sb.15),Weapon_Mod,Stock,6p45sb15icon.png
514,Izhmash shoulder piece for AKMSN (6P4 Sb.1-19),Weapon_Mod,Stock,6p4nsb.1-19icon.png
515,IzhMash metal stock for AKS-74 (6P21 Sb.5),Weapon_Mod,Stock,6p21sb.5.png
516,M1A Socom 16 stock,Weapon_Mod,Stock,Socom16stockicon.png
517,Fab Defence GL Shock Stock,Weapon_Mod,Stock,Glshockstockicon.png
518,MOE Carbine stock,Weapon_Mod,Stock,MOE_Stock_Icon.png
519,HK A2 Stock,Weapon_Mod,Stock,Hka2stockicon.png
520,Magpul Rubber Butt-Pad for Carbine stock series,Weapon_Mod,Stock,M4buttpadicon.png
521,TOZ stock for TOZ-106,Weapon_Mod,Stock,Tozstockicon.png
522,HK A3 old stock model,Weapon_Mod,Stock,Hka3stock.png
523,Magpul PRS GEN2 FDE stock,Weapon_Mod,Stock,Prsgen2icon.png
524,High Standard M4SS Stock,Weapon_Mod,Stock,Standardm4ssstockicon.png
525,ME adapter for AK,Weapon_Mod,Stock,Me4icon.png
526,Izhmash shoulder piece for AKMS (6P4 Sb.1-19),Weapon_Mod,Stock,Akmsstock.png
527,UBR GEN2 stock,Weapon_Mod,Stock,UBR_GEN2_Icon.png
528,AKS-74/AKS-74U PT Lock,Weapon_Mod,Stock,PT74SIcon.png
529,Izhmash SOK-12 AK type stock,Weapon_Mod,Stock,Saiga12stockicon.png
530,MFT BUS Stock,Weapon_Mod,Stock,Busstockicon.png
531,Zenit PT-3 "Klassika" stock,Weapon_Mod,Stock,Pt3stockicon.png
532,Zenit PT-1 "Klassika" stock,Weapon_Mod,Stock,Zenit_PT-1_Klassika_stock_icon.png
533,Molot wooden VPO-136 stock,Weapon_Mod,Stock,Vpo136sstockicon.png
534,Izhmash metal stock for AKS-74U (6P26 Sb.5),Weapon_Mod,Stock,Aksustockicon.png
535,Wooden stock for Molot OP-SKS,Weapon_Mod,Stock,Sksstocklightwood.png
536,Izhmash wooden AKM stock (6P1 Sb.5),Weapon_Mod,Stock,6p1sb5icon.png
537,Wooden stock 56-A-231 Sb.5,Weapon_Mod,Stock,Sksstockdarkwood.png
538,Izhmash polymer AK-74 stock (6P20 Sb.7),Weapon_Mod,Stock,6p20sb7.png
539,TSNIITochMash VSS Vintorez stock,Weapon_Mod,Stock,Vssstockicon.png
540,Plastic pistol grip for MP-133/153,Weapon_Mod,Stock,Shottypistolgripstockicon.png
541,TSNIITochMash AS VAL stock,Weapon_Mod,Stock,Valstockicon.png
542,APB detachable wire stock,Weapon_Mod,Stock,Apbstockicon.png
543,SIG retractable stock pipe adapter,Weapon_Mod,Stock,Mpxadaptericon.png
544,Troy M7A1 PDW stock,Weapon_Mod,Stock,M7a1pdwicon.png
545,Armacon Baskak stock,Weapon_Mod,Stock,Baskakstockicon.png
546,Wooden stock for MP-133/153,Weapon_Mod,Stock,Shottywoodenstockicon.png
547,Early produced SIG collapsing/telescoping MCX/MPX stock,Weapon_Mod,Stock,Mpxstockicon.png
548,Plastic stock for MP-133/153,Weapon_Mod,Stock,Shottyplasticstock.png
549,Recoil pad from GP-25 for AK Accessory Kit,Weapon_Mod,Stock,Akbuttpadicon.png
550,COLT "A2" buffer tube,Weapon_Mod,Stock,Ca2buffertubeicon.png
551,LOBAEV Arms Stock,Weapon_Mod,Stock,Dvlstockicon.png
552,Molot wooden VPO-209 stock,Weapon_Mod,Stock,Vpo209stockicon.png
553,Colt buffer tube,Weapon_Mod,Stock,Cstbuffertubeicon.png
554,Izhmash wooden AK-74 stock (6P20 Sb.5),Weapon_Mod,Stock,6p20sb5icon.png
555,Metal Izhmash stock for PP-19-01,Weapon_Mod,Stock,Pp19stockicon.png
556,SGA stock for M870,Weapon_Mod,Stock,M870stockmagpulicon.png
557,Remington SPS Polymer stock for M870,Weapon_Mod,Stock,Remingtom_SPS_polymer_stock_for_M870_icon.png
558,Raptor grip for M870,Weapon_Mod,Stock,Raptoricon.png
559,Tapco INTRAFUSE Stock for SKS,Weapon_Mod,Stock,Tapco_intrafuse_icon.png
560,Fab Defense UAS for AK,Weapon_Mod,Stock,UASAK_Icon.png
561,22" barrel for a M1A 7.62x51 NATO,Weapon_Mod,Barrel,22inchbarrelm1icon.png
562,16" barrel for a M1A 7.62x51 NATO,Weapon_Mod,Barrel,16inchbarrelm1icon.png
563,18" barrel for a AR-10 and compatible 7.62x51 NATO,Weapon_Mod,Barrel,18inchrsassicon.png
564,510mm barrel for MP-133 12ga,Weapon_Mod,Barrel,510mmmp133normal.png
565,500mm .308 barrel for DVL-10,Weapon_Mod,Barrel,500mmdvl.png
566,116mm 7.62x25 TT barrel,Weapon_Mod,Barrel,Ttstandard.png
567,116mm 7.62x25 TT barrel (gold),Weapon_Mod,Barrel,116mmTTGold_Icon.png
568,Homespun 121mm 7.62x25 TT barrel with threading,Weapon_Mod,Barrel,Ttthreaded.png
569,Threaded barrel for P226 9x19,Weapon_Mod,Barrel,P226thread.png
570,260mm barrel for AR-15 and compatible 5.56x45,Weapon_Mod,Barrel,260mmm4icon.png
571,370mm barrel for AR-15 and compatible 5.56x45,Weapon_Mod,Barrel,370mmm4icon.png
572,165 mm 9x19 barrel for MPX-SD,Weapon_Mod,Barrel,165mmmpxicon.png
573,203 mm 9x19 barrel for MPX,Weapon_Mod,Barrel,203mmmpxicon.png
574,510mm barrel for MP-133 12ga shotgun with rib,Weapon_Mod,Barrel,510mmmp133RIB.png
575,610mm barrel for MP-133 12ga shotgun,Weapon_Mod,Barrel,610mmmp133normal.png
576,610mm barrel for MP-133 12ga shotgun with rib,Weapon_Mod,Barrel,610mmmp133RIB.png
577,660mm barrel for MR-133 12ga shotgun,Weapon_Mod,Barrel,660mmmp133normal.png
578,660mm barrel for MP-133 12ga shotgun with rib,Weapon_Mod,Barrel,660mmmp133RIB.png
579,710mm barrel for MP-133 12ga shotgun,Weapon_Mod,Barrel,710mmmp133normal.png
580,710mm barrel for MR-133 12ga shotgun with rib,Weapon_Mod,Barrel,710mmmp133RIB.png
581,750mm barrel for MP-133 12ga shotgun,Weapon_Mod,Barrel,750mmmp133normal.png
582,750mm barrel for MP-133 12ga shotgun with rib,Weapon_Mod,Barrel,316px-750mmmp133RIB.png
583,610 mm barrel for MP-153 12ga shotgun,Weapon_Mod,Barrel,610mmmp153.png
584,660 mm barrel for MP-153 12ga shotgun,Weapon_Mod,Barrel,660mmmp153.png
585,750 mm barrel for MP-153 12ga shotgun,Weapon_Mod,Barrel,750mmmp153.png
586,112mm barrel for P226 9x19,Weapon_Mod,Barrel,P226standard.png
587,660mm .308 barrel for DVL-10 M2,Weapon_Mod,Barrel,660mmdvl.png
588,22" barrel for a AR-10 and compatible 7.62x51 NATO,Weapon_Mod,Barrel,22inchrsassicon.png
589,710 mm barrel for MP-153 12ga shotgun,Weapon_Mod,Barrel,710mmmp153.png
590,Threaded barrel for Glock 9x19 manufactured by Lone Wolf.,Weapon_Mod,Barrel,Lonewolfbarrel.png
591,660mm vent rib barrel for M870 12ga,Weapon_Mod,Barrel,660mmventicon.png
592,508mm barrel for M870 12ga,Weapon_Mod,Barrel,508mmm870barrelicon.png
593,Basic barrel for Glock 17 9x19,Weapon_Mod,Barrel,Glockbasic.png
594,Cut off 325mm barrel for M870 12ga,Weapon_Mod,Barrel,325mmm870barrelicon.png
595,355mm barrel for M870 12ga,Weapon_Mod,Barrel,355mmm870barrelicon.png
596,508mm barrel for M870 12ga with a fixed sight,Weapon_Mod,Barrel,508mm_barrel_for_M870_12ga_icon.png
597,Threaded barrel for Glock 9x19 manufactured by Double Diamond,Weapon_Mod,Barrel,Doublediamondbarrel.png
598,Barrel with compensator for Glock 17 9x19,Weapon_Mod,Barrel,Barrelwithcompensator.png
599,Threaded barrel for Glock 9x19 manufactured by Salient Arms,Weapon_Mod,Barrel,Glockbarrerlsalientarms.png
600,Barrel with compensator for Glock 18C 9x19,Weapon_Mod,Barrel,Barrel_with_compensator_for_Glock_18C_9x19_Icon.png
601,11" barrel for SA-58 7.62x51,Weapon_Mod,Barrel,SA58_11Inch_Icon.png
602,DS Arms quad rail foregrip for SA-58,Weapon_Mod,Handguard,SA58_Quad_Rail_Icon.png
603,Handguard MK 10 for use with AR-15 and compatible,Weapon_Mod,Handguard,Handguard_MK_10_for_use_with_AR-15_and_compatible_Icon.png
604,Strike industries TRAX 1 foregrip,Weapon_Mod,Handguard,Trax1icon.png
605,Strike industries TRAX 2,Weapon_Mod,Handguard,Trax2icon.png
606,Colt M4 Length handguard for AR-15 and compatibles,Weapon_Mod,Handguard,M4LengthHandguardIcon.png
607,XRSU47SU Tactical Handguard for AKS-74U,Weapon_Mod,Handguard,Aksurailmounticon.png
608,MP5 TL-99 Aluminum handguard,Weapon_Mod,Handguard,Mp5tl99icon.png
609,MP5 Wide Tropical Polymer handguard,Weapon_Mod,Handguard,Mp5wt.png
610,Wooden AK-74 handguard (6P20 Sb.6),Weapon_Mod,Handguard,6p20sb6.png
611,Magpul MOE AKM HAND GUARD for AK,Weapon_Mod,Handguard,MOE_AKM_Icon.png
612,LOBAEV Arms DVL-10 M2 handguard,Weapon_Mod,Handguard,Dvlhandgaurd.png
613,Wooden AKM / VPO-209 handguard,Weapon_Mod,Handguard,Vpo209hg.png
614,Wooden AK-74 handguard (6P1 Sb.6-1),Weapon_Mod,Handguard,6p1sb61.png
615,Wooden VPO-136 handguard,Weapon_Mod,Handguard,Vpo136hg.png
616,Izhmekh MP-153 Polymer stock,Weapon_Mod,Handguard,Mp153polymer.png
617,Krebs Custom UFM Keymod System handguard for AKM,Weapon_Mod,Handguard,Ufm.png
618,MP5SD Polymer handguard,Weapon_Mod,Handguard,Mp5sdhg.png
619,Izhmekh MP-133 Beechwood forestock,Weapon_Mod,Handguard,Mr133beech.png
620,PP-19-01 Polymer handguard,Weapon_Mod,Handguard,Pp19hg.png
621,B-11 AKS-74U Handguard,Weapon_Mod,Handguard,B-11hg.png
622,Handguard SIG MPX Gen. 1 for MPX,Weapon_Mod,Handguard,Mpxgen1.png
623,JP Enterprises handguard for a R11 RSASS,Weapon_Mod,Handguard,Rsasshg.png
624,Handguard War Sport LVOA-S blk. for use with AR-15 and compatible,Weapon_Mod,Handguard,Lvoas.png
625,Daniel Defence RIS II 9.5 foregrip for AR-15-compatible systems,Weapon_Mod,Handguard,Ris9.5.png
626,SOK-12 aluminum handguard MTU002 Long Top,Weapon_Mod,Handguard,Mtu002l.png
627,Polymer AK-74 foregrip (6P20 Sb.9),Weapon_Mod,Handguard,6p20sb9.png
628,SOK-12 polymer handguard Sb.7-1,Weapon_Mod,Handguard,Sb.7-1.png
629,SOK-12 aluminum handguard MTU002 Short Top,Weapon_Mod,Handguard,Mtu002s.png
630,CAA RS47 foregrip for AK-compatible systems,Weapon_Mod,Handguard,Caars47.png
631,B-10M foregrip and rail mount B-19,Weapon_Mod,Handguard,B10m.png
632,Wooden AKS-74U Handguard (6P26 Sb.6),Weapon_Mod,Handguard,6p26sb6.png
633,Knight's Armament KAC RIS handguard for AR-15 and compatibles,Weapon_Mod,Handguard,Kacris.png
634,Custom plastic MP-133 forestock with mounts,Weapon_Mod,Handguard,Custommp133.png
635,Fab Defence PR870 forestock,Weapon_Mod,Handguard,FAB_Defense_PR870_forestock_icon.png
636,Magpul MOE M870 forestock,Weapon_Mod,Handguard,Magpulm870forestockicon.png
637,Speedfeed short M870 forestock,Weapon_Mod,Handguard,Speedfedicon.png
638,TAPCO SAW-Style black pistol grip for SA-58,Weapon_Mod,Pistol Grip,SA58_SAW_Icon.png
639,Rubber with finger grooves pistol grip for P226,Weapon_Mod,Pistol Grip,Hogue_226_Icon.png
640,Magpul MOE pistol grip for AK,Weapon_Mod,Pistol Grip,AKMOE_Icon.png
641,M14ALCS(MOD. 0) pistol grip for M14,Weapon_Mod,Pistol Grip,M14ALCSpistolgripicon.png
642,PP-19-01 Izhmash pistol grip,Weapon_Mod,Pistol Grip,Pp19grip.png
643,TOZ 002 pistol grip for TOZ-106,Weapon_Mod,Pistol Grip,Tozgrip.png
644,Polymer Izhmekh pistol grip for MP-443,Weapon_Mod,Pistol Grip,Mp443grip.png
645,Sig Sauer pistol grip for P226,Weapon_Mod,Pistol Grip,226Grip_Icon.png
646,TSNIITOCHMASH bakelite PB side grips,Weapon_Mod,Pistol Grip,Bakelitepbgrips.png
647,Fancy TT side grips,Weapon_Mod,Pistol Grip,TTGrip_Fancy_Icon.png
648,Standard TT side grips,Weapon_Mod,Pistol Grip,Ttgrips.png
649,Izhmash AK bakelite pistol grip (6P4 Sb.8V),Weapon_Mod,Pistol Grip,6p4sb.8v.png
650,Izhmash AK polymer pistol grip (6P1 Sb.8),Weapon_Mod,Pistol Grip,6p1sb.8.png
651,Izhmash AKM bakelite pistol grip,Weapon_Mod,Pistol Grip,Akmbak..png
652,Wooden Izhmash AKM pistol grip for AK,Weapon_Mod,Pistol Grip,Akmwood.png
653,Izhmash AK-74 Textolite pistol grip (6P4 Sb.9),Weapon_Mod,Pistol Grip,6p4sb9..png
654,Molot AK bakelite pistol grip,Weapon_Mod,Pistol Grip,Molotbak..png
655,TAPCO SAW-Style pistol grip for AK,Weapon_Mod,Pistol Grip,AK_SAW_Icon.png
656,Zenit RK-3 AK pistol grip,Weapon_Mod,Pistol Grip,Rk-3.png
657,APS bakelite side-pieces,Weapon_Mod,Pistol Grip,APS_bakelite_side-pieces_icon.png
658,Colt A2 AR-15 pistol grip,Weapon_Mod,Pistol Grip,A2m4standard.png
659,DI ECS FDE pistol grip for AR-15 based systems,Weapon_Mod,Pistol Grip,Ecsfde.png
660,Hera Arms CQR pistol grip-stock,Weapon_Mod,Pistol Grip,Hacqr.png
661,Hogue OverMolded Rubber Grip,Weapon_Mod,Pistol Grip,OMRG_Icon.png
662,MIAD Pistol grip for AR-15 based systems,Weapon_Mod,Pistol Grip,Miad.png
663,Magpul MOE AR-15 pistol grip,Weapon_Mod,Pistol Grip,Magpul_MOE_AR-15_pistol_grip_Icon.png
664,Naroh Arms GRAL-S Pistol grip for AR-15-compatible weapons,Weapon_Mod,Pistol Grip,Grals.png
665,Stark AR Rifle Grip for AR-15-compatible weapons,Weapon_Mod,Pistol Grip,STARK_AR_Icon.png
666,Pistol grip SIG MPX,Weapon_Mod,Pistol Grip,Mpxgrip.png
667,ZMZ Polymer pistol grip for PP-91,Weapon_Mod,Pistol Grip,Kedrgrip.png
668,AS VAL Pistol grip,Weapon_Mod,Pistol Grip,Valgrip.png
669,Pachmayr tactical rubber grip,Weapon_Mod,Pistol Grip,Pachrg.png
670,Skeletonized AR-15 pistol grip,Weapon_Mod,Pistol Grip,Skeletonized_AR-15_pistol_grip_Icon.png
671,AS VAL Pistol grip-buffer tube,Weapon_Mod,Pistol Grip,Valgripstock.png
672,TAPCO SAW-Style pistol grip for SKS INTRAFUSE Kit,Weapon_Mod,Pistol Grip,SAW_SKS_Icon.png
673,DS Arms Extreme Duty dust cover for SA58,Weapon_Mod,Receiver,SA58_DUST_Icon.png
674,Glock 18C 9x19 slide,Weapon_Mod,Receiver,Glock_18C_9x19_slide_Icon.png
675,Izhmash АK-74M dust cover (6P34 0-1),Weapon_Mod,Receiver,6p340-1icon.png
676,Glock 9x19 Moto Cut slide,Weapon_Mod,Receiver,Glockmotocuticon.png
677,Izhmash AK-74 dust cover (6P1 0-1),Weapon_Mod,Receiver,6p1_0-1akn.png
678,Izhmash AKM dust cover (6P1 0-1),Weapon_Mod,Receiver,6p1-01akm.png
679,Molot AKM type dust cover,Weapon_Mod,Receiver,Akmtype.png
680,AKS-74U Dust cover (6P26 Sb.7),Weapon_Mod,Receiver,6p26sb.7.png
681,Izhmash AKS-74UB Dust cover,Weapon_Mod,Receiver,Aksubdc.png
682,Izhmash Vitiaz receiver cover,Weapon_Mod,Receiver,Rec.cov._vityaz.png
683,Izhmash SOK-12 Sb.0-2 dust cover,Weapon_Mod,Receiver,Sb.0-2.png
684,AS VAL Dust cover,Weapon_Mod,Receiver,Valdust.png
685,VSS Vintorez dust cover,Weapon_Mod,Receiver,Vssdust.png
686,Zenit B-33 dust cover for AK-74,Weapon_Mod,Receiver,B-33.png
687,Upper receiver Colt M4A1 5.56x45 for M4A1 assault rifle,Weapon_Mod,Receiver,M4upper.png
688,Vltor MUR-1S 5.56x45 Upper receiver for AR systems,Weapon_Mod,Receiver,6p340-1icon.png
689,HK MP5SD Upper receiver,Weapon_Mod,Receiver,Mp5sdupper.png
690,HK MP5 Upper receiver,Weapon_Mod,Receiver,Mp5upper.png
691,Upper receiver of the first generation SIG MPX,Weapon_Mod,Receiver,Mpx1gen..png
692,SIG Sauer P226R 9x19 pistol slide,Weapon_Mod,Receiver,P226slide.png
693,Izhmash Vitiaz-SN receiver cover,Weapon_Mod,Receiver,Rec.cover._vityaz-sn.png
694,Glock Alpha Wolf Custom slide,Weapon_Mod,Receiver,Glockawc.png
695,Polymer80 PS9 Glock slide,Weapon_Mod,Receiver,Ps9.png
696,Zev Tech Hex Gen3 slide,Weapon_Mod,Receiver,Gzthex.png
697,Glock 9x19 slide,Weapon_Mod,Receiver,Glockslide.png
698,Glock Zev Tech Hex Spartan slide,Weapon_Mod,Receiver,Gztspart.png
699,Glock 9x19 Viper Cut slide,Weapon_Mod,Receiver,Glockvipercut.png
700,Glock Alpha Wolf slide,Weapon_Mod,Receiver,Glockaw.png
701,Augmentin antibiotic pills,Medical,Medical,EFT_Augmentin-antibiotic-pills_Icon.png
702,AI-2 medikit,Medical,Medical,AI-2_Icon.png
703,Analgin painkillers,Medical,Medical,EFT_Painkillers_Icon.png
704,Army bandage,Medical,Medical,EFT_Army-Bandage_Icon.png
705,Aseptic bandage,Medical,Medical,EFT_Aseptic-Bandage_Icon.png
706,Car first aid kit,Medical,Medical,EFT_Car-first-aid-kit_Icon.png
707,Golden Star Balm,Medical,Medical,Golden_Star_Balm_Icon.png
708,Grizzly First Aid Kit,Medical,Medical,EFT_Grizzly_Icon.png
709,Ibuprofen painkillers,Medical,Medical,Ibuprofen_painkiller_icon.png
710,IFAK personal tactical first aid kit,Medical,Medical,EFT_IFAK_Icon.png
711,Immobilizing splint,Medical,Medical,EFT_Splint_Icon.png
712,Morphine injector,Medical,Medical,EFT_Morphine_Icon.png
713,Salewa FIRST AID KIT,Medical,Medical,EFT_Salewa-First-Aid-Kit_Icon_2.png
714,Vaseline,Medical,Medical,EFT_Vaseline_Icon.png
715,Army Crackers,Consumables,Consumables,Army_Crackers_icon.png
716,Condensed milk,Consumables,Consumables,Condmilkicon.png
717,Slickers bar,Consumables,Consumables,64px-Slickers_bar_icon.png
718,Pack of sugar,Consumables,Consumables,64px-Sugar_icon.png
719,Can of pacific saury,Consumables,Consumables,Saury_icon.png
720,Rye croutons,Consumables,Consumables,64px-Rye_Croutons.png
721,Emelya rye croutons,Consumables,Consumables,Emeyla_Croutons.png
722,Humpback salmon,Consumables,Consumables,64px-Humpback_icon.png
723,Can of green peas,Consumables,Consumables,64px-Peas_icon.png
724,Can of beef stew,Consumables,Consumables,64px-Can_of_beef_stew_alt_Icon.png
725,Can of beef stew (flat),Consumables,Consumables,Can_of_beef_stew_Icon.png
726,Pack of oat flakes,Consumables,Consumables,64px-Oatflakes_icon.png
727,Can of herring,Consumables,Consumables,Herring_icon.png
728,Squash spread,Consumables,Consumables,Squash_Spread_icon.png
729,Alyonka chocolate bar,Consumables,Consumables,64px-Alyonka_Chocolate_Bar_icon.png
730,Iskra lunch box,Consumables,Consumables,Lunchbox_icon.png
731,MRE lunch box,Consumables,Consumables,MRE_icon.png
732,0.6L water bottle,Consumables,Consumables,Water_icon.png
733,Russian Army pineapple juice,Consumables,Consumables,Pineapple_Juice_icon.png
734,Green Ice,Consumables,Consumables,64px-Green_Tea_icon.png
735,Apple juice,Consumables,Consumables,64px-Apple_Juice_icon.png
736,Grand juice,Consumables,Consumables,Grand_Juice_icon.png
737,Vita juice,Consumables,Consumables,64px-Vita_Juice_icon.png
738,Max energy,Consumables,Consumables,64px-NRG_Drink_icon.png
739,TarCola,Consumables,Consumables,64px-Tar_Cola_icon.png
740,Pack of milk,Consumables,Consumables,64px-Pack_ofMilk_icon.png
741,Hot Rod,Consumables,Consumables,64px-Hor_Rod_icon.png
742,Matches,Loot,Loot,Matches_Icon.png
743,Dogtag,Loot,Loot,Dogtags.png
744,Corrugated hose,Loot,Loot,Hoseicon.png
745,Crickent lighter,Loot,Loot,Cricket_lighter_Icon.png
746,A pack of nails,Loot,Loot,Nailsicon.png
747,A pack of screws,Loot,Loot,Screwsicon.png
748,Screw nut,Loot,Loot,Screwnuticon.png
749,Bolts,Loot,Loot,Boltsicon.png
750,Piece of Plexiglass,Loot,Loot,Plexicon.png
751,Zibbo lighter,Loot,Loot,Zibbo_lighter_Icon.png
752,Apollon Soyuz cigarettes,Loot,Loot,Apollon_Soyuz_cigarettes_Icon.png
753,Malboro Cigarettes,Loot,Loot,Malboro_Cigarettes_Icon.png
754,Wilston cigarettes,Loot,Loot,Wilstonicon.png
755,Strike Cigarettes,Loot,Loot,Cigred.png
756,Horse figurine,Loot,Loot,Horse_figurine_Icon.png
757,Cat figurine,Loot,Loot,Caticon.png
758,Bronze lion,Loot,Loot,105px-Bronze_Lion_Icon.png
759,Wooden clock,Loot,Loot,105px-Wooden_clock_icon.png
760,Roler submariner gold wrist watch,Loot,Loot,64px-Roler_icon.png
761,Gunpowder,Loot,Loot,64px-Gunpowder_Icon.png
762,Gas analyzer,Loot,Loot,64px-Gas_Analyzer_Icon.png
763,WD 40 400ml,Loot,Loot,Wd-40400icon.png
764,WD-40 100ml.,Loot,Loot,WD40_100ml_Icon.png
765,AA Battery,Loot,Loot,AA_Battery_Icon_2.png
766,D Size Battery,Loot,Loot,D_Size_Battery_Icon.png
767,Car battery,Loot,Loot,105px-Car_Battery_Icon.png
768,Spark Plug,Loot,Loot,64px-Spark_Plug_Icon_.png
769,Energy-saving lamp,Loot,Loot,Energy-Saving_Lamp_Icon.png
770,Ultraviolet lamp,Loot,Loot,64px-UV_lamp_Icon.png
771,Geiger-Muller counter,Loot,Loot,Geiger-Mueller_counter_Icon.png
772,Broken GPhone,Loot,Loot,Broken_GPhone_Icon.png
773,CPU Fan,Loot,Loot,CPU_Fan_Icon.png
774,PC CPU,Loot,Loot,PC_CPU_Icon.png
775,DVD drive,Loot,Loot,DVD_drive_Icon.png
776,RAM,Loot,Loot,Ramicon.png
777,Power supply unit,Loot,Loot,105px-Psuicon.png
778,Printed circuit board,Loot,Loot,Circuit_Icon.png
779,Graphics card,Loot,Loot,Graphics_Card_icon.png
780,Powercord,Loot,Loot,127px-Powercord_icon.png
781,Insulating tape,Loot,Loot,Insulating_tape_Icon.png
782,Duct tape,Loot,Loot,Duct_tape_Icon.png
783,Construction measuring tape,Loot,Loot,64px-Construction_Measuring_Tape_Icon.png
784,Toothpaste,Loot,Loot,Toothpasteicon.png
785,USB Adapter,Loot,Loot,USB_Adapter_Icon.png
786,T-Shaped Plug,Loot,Loot,T-Shaped_Plug_Icon.png
787,Printer paper,Loot,Loot,Printer_Paper_icon.png
788,Screwdriver,Loot,Loot,Screwdriver_Icon.png
789,Wrench,Loot,Loot,Wrench_Icon.png
790,Pliers (yellow),Loot,Loot,Plier_Icon.png
791,Electric drill,Loot,Loot,105px-Electric_Drill_icon.png
792,Chainlet,Loot,Loot,Chainlet_icon.png
793,Golden neck chain,Loot,Loot,Golden_neck_chain_Icon.png
794,Roubles,Loot,Loot,Roublesicon.png
795,Dollars,Loot,Loot,Dollarsicon.png
796,Euros,Loot,Loot,Eurosicon.png
797,Physical bitcoin,Loot,Loot,Bitcoin_icon.png
798,Damaged hard drive,Loot,Loot,Damaged_Hard_Drive_Icon.png
799,Magnet,Loot,Loot,Magnet_Icon.png
800,Pain AntiRoach,Loot,Loot,Paidicon.png
801,Clin wiper,Loot,Loot,64px-Clin_Wiper_icon.png
802,Saline solution,Loot,Loot,Saline_Solution_icon.png
803,Medical bloodset,Loot,Loot,Medical_Bloodset_Icon.png
804,Hydrogen peroxide,Loot,Loot,64px-Hydrogen_Peroxide_icon.png
805,Ox bleach,Loot,Loot,Bleachicon.png
806,Shustrilo sealing foam,Loot,Loot,Shusicon.png
807,Xenomorph sealing foam,Loot,Loot,Xenoicon.png
808,Sodium bicarbonate,Loot,Loot,64px-Sodium_Bicarbonate_icon.png
809,5L propane tank,Loot,Loot,105px-5L_propane_tank_icon.png
810,Fuel conditioner,Loot,Loot,Fuelcondicon.png
811,Heat-exchange alkali surface washer,Loot,Loot,Heat-exchange_alkali_surface_washer_icon.png
812,Dry fuel,Loot,Loot,Dryfuelicon.png
813,A set of tools,Loot,Loot,105px-Toolsicon.png
814,Rechargeable battery,Loot,Loot,Recicon.png
815,Air filter for gas mask,Loot,Loot,Airfiltericon.png
816,Secure Flash drive,Loot,Loot,Secure_Flash_drive_Icon.png
817,Coffee Majaica,Loot,Loot,Coffeicon.png
818,Ophthalmoscope,Loot,Loot,Ophthalmoscopeicon.png
819,Pliers (red),Loot,Loot,PliersElite.png
820,Powerbank,Loot,Loot,PowerbankIcon.png
821,Diary,Loot,Loot,Diary_Icon1.png
822,Factory exit key,Keys_and_Intel,Key,Factory_key_icon.png
823,Door key,Keys_and_Intel,Key,Door_key_Icon.png
824,Door key (alternative),Keys_and_Intel,Key,Door_key_Icon.png
825,Dorm room 103 Key,Keys_and_Intel,Key,Dorm_103_icon.png
826,Dorm room 104 Key,Keys_and_Intel,Key,Key-104-Icon.png
827,Dorm room 105 Key,Keys_and_Intel,Key,Key-105-Icon.png
828,Dorm room 108 Key,Keys_and_Intel,Key,Key-108-Icon.png
829,Dorm room 110 Key,Keys_and_Intel,Key,Key-110-Icon.png
830,Dorm room 114 Key,Keys_and_Intel,Key,Key-114-Icon.png
831,Dorm room 118 Key,Keys_and_Intel,Key,Dorm_118_icon.png
832,Dorm room 203 Key,Keys_and_Intel,Key,Key-203-Icon.png
833,Dorm room 204 Key,Keys_and_Intel,Key,Key-204-Icon.png
834,Dorm room 206 Key,Keys_and_Intel,Key,Key-206-Icon.png
835,Dorm room 214 Key,Keys_and_Intel,Key,Key-214-Icon.png
836,Dorm room 218 Key,Keys_and_Intel,Key,Key-218-Icon.png
837,Dorm room 220 Key,Keys_and_Intel,Key,Key-220-Icon.png
838,Dorm room 303 Key,Keys_and_Intel,Key,Key-303-Icon.png
839,Dorm room 306 Key,Keys_and_Intel,Key,Key-306.png
840,Dorm room 308 Key,Keys_and_Intel,Key,Key-308-Icon.png
841,Dorm room 315 Key,Keys_and_Intel,Key,Key-315-Icon.png
842,Marked key,Keys_and_Intel,Key,Marked-key-Icon.png
843,Dorm guard desk key,Keys_and_Intel,Key,GDesk-Key-Icon.png
844,Machinery key,Keys_and_Intel,Key,Machinery-key-Icon.png
845,Military base checkpoint key,Keys_and_Intel,Key,Checkpoint_Key_icon.png
846,Customs office key,Keys_and_Intel,Key,Customs-office-key-Icon.png
847,Portable cabin key,Keys_and_Intel,Key,Portable-cabin-key-Icon.png
848,Portable cabin key of customs Factory zone,Keys_and_Intel,Key,Cabinet-key-Icon.png
849,Trailer park cabin key,Keys_and_Intel,Key,Portable-cabin-key-Icon.png
850,Cabinet key,Keys_and_Intel,Key,Cabinet-key-Icon.png
851,The key to the gas station storage room,Keys_and_Intel,Key,Storage-Key-Icon.png
852,Unknown key,Keys_and_Intel,Key,Unknown-key-Icon.png
853,Car key,Keys_and_Intel,Key,Car-key-Icon.png
854,Yotota car key,Keys_and_Intel,Key,Yotota-car-key-Icon.png
855,Key ZB-014,Keys_and_Intel,Key,ZB-014-key-Icon.png
856,Weather station safe key,Keys_and_Intel,Key,Cottagesafe.png
857,The key to the closed premises of the sanatorium,Keys_and_Intel,Key,PremisesOfSanatoriumKey.png
858,Health resort warehouse safe key,Keys_and_Intel,Key,Cottagesafe.png
859,Key to store safe,Keys_and_Intel,Key,Cottagesafe.png
860,Gas station safe key,Keys_and_Intel,Key,Cottagesafe.png
861,Cottage back entrance key,Keys_and_Intel,Key,Cottage_Shoreline_key.png
862,Cottage safe key,Keys_and_Intel,Key,Cottagesafe.png
863,SMW car key,Keys_and_Intel,Key,SMW_shoreline_key.png
864,Health resort utility room key,Keys_and_Intel,Key,StoreroomKey.png
865,Health resort management office safe key,Keys_and_Intel,Key,Cottagesafe.png
866,Health resort room 321 safe key,Keys_and_Intel,Key,Safe_321_key.png
867,Office 104 West wing key,Keys_and_Intel,Key,San104.png
868,Office 112 West wing key,Keys_and_Intel,Key,San112icon.png
869,West wing room 203 key,Keys_and_Intel,Key,San203icon.png
870,West wing room 205 key,Keys_and_Intel,Key,San.205.png
871,West wing room 207 key,Keys_and_Intel,Key,San207icon.png
872,West wing room 216 key,Keys_and_Intel,Key,West_216_Resort-Icon.png
873,West wing room 218 key,Keys_and_Intel,Key,San.218.png
874,West wing room 219 key,Keys_and_Intel,Key,San.219.png
875,West wing room 220 key,Keys_and_Intel,Key,West_220_Resort-Icon.png
876,West wing room 221 key,Keys_and_Intel,Key,San.221.png
877,West wing room 222 key,Keys_and_Intel,Key,East_222_Resort-Icon.png
878,West wing room 301 key,Keys_and_Intel,Key,West_301_Resort-Icon.png
879,West wing room 303 key,Keys_and_Intel,Key,San303Key.png
880,West wing room 306 key,Keys_and_Intel,Key,East_306_Resort-Icon.png
881,West wing room 309 key,Keys_and_Intel,Key,San309icon.png
882,West wing room 323 key,Keys_and_Intel,Key,San323icon.png
883,West wing room 325 key,Keys_and_Intel,Key,San325.png
884,Office 107 East wing key,Keys_and_Intel,Key,East_107_Resort-Icon.png
885,Office 108 East wing key,Keys_and_Intel,Key,San108KeyIcon.png
886,East wing room 205 key,Keys_and_Intel,Key,San205East.png
887,East wing room 206 key,Keys_and_Intel,Key,San.206.png
888,East wing room 209 key,Keys_and_Intel,Key,San.209.png
889,East wing room 213 key,Keys_and_Intel,Key,San213.png
890,East wing room 216 key,Keys_and_Intel,Key,San216east.png
891,East wing room 222 key,Keys_and_Intel,Key,San222East.png
892,East wing room 226 key,Keys_and_Intel,Key,San226icon.png
893,East wing room 306 key,Keys_and_Intel,Key,San306East.png
894,East wing room 308 key,Keys_and_Intel,Key,308_East_Icon.png
895,East wing room 310 key,Keys_and_Intel,Key,San.310.png
896,East wing room 313 key,Keys_and_Intel,Key,San313icon.png
897,East wing room 314 key,Keys_and_Intel,Key,East_314_Resort-Icon.png
898,East wing room 316 key,Keys_and_Intel,Key,316_East_Icon.png
899,East wing room 322 key,Keys_and_Intel,Key,San322icon.png
900,East wing room 328 key,Keys_and_Intel,Key,328_East_Icon.png
901,Key to OLI administrator office,Keys_and_Intel,Key,OLIAdminOffice.png
902,Key to OLI logistics department office,Keys_and_Intel,Key,LogOfficeKey.png
903,Key to utility room of OLI outlet,Keys_and_Intel,Key,OLIUtiKey.png
904,Key to utility room of power substation,Keys_and_Intel,Key,Power_utility_Key_icone.png
905,Key to pharmacy,Keys_and_Intel,Key,PharmacyKeyIcon.png
906,Key to KIBA store outlet,Keys_and_Intel,Key,KibaKeyIcon.png
907,Key to KIBA Outlet grate door,Keys_and_Intel,Key,KibaKey2Icon.png
908,Key to EMERCOM medical unit,Keys_and_Intel,Key,EMERCOM_Key_icone.png
909,Key to OLI cash register,Keys_and_Intel,Key,OLI_cash_register.png
910,Key to IDEA cash register,Keys_and_Intel,Key,IDEARegisterKey.png
911,Key to Goshan cash register,Keys_and_Intel,Key,Goshan_key.png
912,VAZ key,Keys_and_Intel,Key,Sixpack-Key-Icon.png
913,Weapon safe key,Keys_and_Intel,Key,ShortNameSafe.png
914,Pistol Case Key,Keys_and_Intel,Key,Pistol_case_key_icon.png
915,Key 2,Keys_and_Intel,Key,Pistol_case_key_icon.png
916,Key 3,Keys_and_Intel,Key,Pistol_case_key_icon.png
917,Key 5,Keys_and_Intel,Key,Pistol_case_key_icon.png
918,Keycard,Keys_and_Intel,Key,Keycard.png
919,Black Keycard,Keys_and_Intel,Key,Black_Keycard.png
920,Blue Keycard,Keys_and_Intel,Key,Blue_Keycard.png
921,Items case,Container,Container,250px-Items_case_icon.png
922,Weapon case,Container,Container,250px-Weapon_case_icon.png
923,Meds case,Container,Container,Medscaseicon.png
924,Ammo case,Container,Container,Ammocaseicon.png
925,Money case,Container,Container,Money_case_icon.png
926,Pistol case,Container,Container,Pistol-Case.png
927,Documents case,Container,Container,Document-Case.png
928,Keytool,Container,Container,Keybar_icon.png
929,Wallet,Container,Container,Wallet_icon.png
930,12x70 Buckshot,Ammunition,12x70mm,12x70BUCKSHOT.png
931,12x70 Slug,Ammunition,12x70mm,12x70SLUG.png
932,20x70 Buckshot,Ammunition,20x70mm,20x70BUCKSHOT.png
933,7.62x25mm TT AKBS,Ammunition,7.62x25mm Tokarev,TTAKBS.png
934,7.62x25mm TT FMJ43,Ammunition,7.62x25mm Tokarev,TTFMJ43.png
935,7.62x25mm TT LRN,Ammunition,7.62x25mm Tokarev,TTLRN.png
936,7.62x25mm TT LRNPC,Ammunition,7.62x25mm Tokarev,TTLRNPC.png
937,7.62x25mm TT P gl,Ammunition,7.62x25mm Tokarev,TTPGL.png
938,7.62x25mm TT Pst gzh,Ammunition,7.62x25mm Tokarev,TTPSTGZH.png
939,7.62x25mm TT PT gzh,Ammunition,7.62x25mm Tokarev,TTPTGZH.png
940,9x18 mm PM 9 BZT gzh,Ammunition,9x18mm Makarov,9x189BZTGZH.png
941,9x18 mm PM 9 P gzh,Ammunition,9x18mm Makarov,9x189PGZH.png
942,9x18 mm PM PBM,Ammunition,9x18mm Makarov,9x18PBM.png
943,9x18 mm PM PMM,Ammunition,9x18mm Makarov,9x18PMM.png
944,9x18 mm PM PPe gzh,Ammunition,9x18mm Makarov,9x18PPEGZH.png
945,9x18 mm PM PPT gzh,Ammunition,9x18mm Makarov,9x18PPTGZH.png
946,9x18 mm PM PRS gs,Ammunition,9x18mm Makarov,9x18PRSGS.png
947,9x18 mm PM PS gs PPO,Ammunition,9x18mm Makarov,9x18PSGSPPO.png
948,9x18 mm PM PSO gzh,Ammunition,9x18mm Makarov,9x18PSOGZH.png
949,9x18 mm PM Pst gzh,Ammunition,9x18mm Makarov,9x18PSTGZH.png
950,9x18 mm PM PSV,Ammunition,9x18mm Makarov,9x18PSV.png
951,9x18 PM mm RG028 gzh,Ammunition,9x18mm Makarov,9x18RG028GZH.png
952,9x18 mm PM SP7 gzh,Ammunition,9x18mm Makarov,9x18SP7GZH.png
953,9x18 mm PM SP8 gzh,Ammunition,9x18mm Makarov,9x18SP8GZH.png
954,9x19 mm Luger CCI,Ammunition,9x19 Parabellum,9x19cgi.png
955,9x19 mm PSO gzh,Ammunition,9x19 Parabellum,9x19pso.png
956,9x19 mm Pst gzh,Ammunition,9x19 Parabellum,9x19pst.png
957,9x21 mm SP10,Ammunition,9x21 Gyurza,9x21sp10.png
958,9x21 mm SP11,Ammunition,9x21 Gyurza,9x21sp11.png
959,9x21 mm SP12,Ammunition,9x21 Gyurza,9x21sp12.png
960,9x21 mm SP13,Ammunition,9x21 Gyurza,9x21sp13.png
961,5.45x39 mm BP,Ammunition,5.45x39mm,74BPICON.png
962,5.45x39 mm BS,Ammunition,5.45x39mm,74BSICON.png
963,5.45x39 mm BT,Ammunition,5.45x39mm,74BTICON.png
964,5.45x39 mm FMJ,Ammunition,5.45x39mm,74FMJICON.png
965,5.45x39 mm HP,Ammunition,5.45x39mm,74HPICON.png
966,5.45x39 mm PP,Ammunition,5.45x39mm,74PPICON.png
967,5.45x39 mm PRS,Ammunition,5.45x39mm,74PRSICON.png
968,5.45x39 mm PS,Ammunition,5.45x39mm,74PSICON.png
969,5.45x39 mm SP,Ammunition,5.45x39mm,74SPICON.png
970,5.45x39 mm T,Ammunition,5.45x39mm,74TICON.png
971,5.45x39 mm US,Ammunition,5.45x39mm,74USICON.png
972,5.56x45 mm 55 FMJ,Ammunition,5.56x45mm NATO,55FMJICON.png
973,5.56x45 mm 55 HP,Ammunition,5.56x45mm NATO,55HPICON.png
974,5.56x45 mm M855,Ammunition,5.56x45mm NATO,M855ICON.png
975,5.56x45 mm M855A1,Ammunition,5.56x45mm NATO,M855A1ICON.png
976,5.56x45 mm M856,Ammunition,5.56x45mm NATO,M856ICON.png
977,5.56x45 mm M856A1,Ammunition,5.56x45mm NATO,M856A1ICON.png
978,5.56x45 mm M995,Ammunition,5.56x45mm NATO,M995ICON.png
979,5.56x45 mm Mk 255 Mod 0,Ammunition,5.56x45mm NATO,MK255ICON.png
980,7.62x39 mm BP,Ammunition,7.62x39mm,7.62x39BP.png
981,7.62x39 mm HP,Ammunition,7.62x39mm,7.62x39HP.png
982,7.62x39 mm PS,Ammunition,7.62x39mm,7.62x39PS.png
983,7.62x39 mm T45M,Ammunition,7.62x39mm,7.62x39T45M.png
984,7.62x39 mm US,Ammunition,7.62x39mm,7.62x39US.png
985,7.62x51 mm M61,Ammunition,7.62x51mm NATO,M61ICON.png
986,7.62x51 mm M62,Ammunition,7.62x51mm NATO,M62ICON.png
987,7.62x51 mm M80,Ammunition,7.62x51mm NATO,M80ICON.png
988,7.62x54R 7N1 Sniper cartridge,Ammunition,7.62x54R,7N1ICON.png
989,7.62x54R LPS Gzh,Ammunition,7.62x54R,LPSGZHICON.png
990,7.62x54R SNB,Ammunition,7.62x54R,SNBICON.png
991,9x39 mm SP-5,Ammunition,9x39mm,SP5ICON.png
992,9x39 mm SP-6,Ammunition,9x39mm,SP6ICON.png
993,.366 TKM EKO,Ammunition,.366 TKM,EKOICON.png
994,.366 TKM FMJ,Ammunition,.366 TKM,TKFMJICON.png
995,.366 TKM Geksa,Ammunition,.366 TKM,GEKSAICON.png